"Project","Client","Description","Task","User","Email","Tags","Billable","Start Date","Start Time","End Date","End Time","Duration (h)","Duration (decimal)"
"Team1","UOCNT","completing individual deliverable for phase 2 (contribution report)","","Jack van Heugten Breurkes","jsv22@uclive.ac.nz","#document","No","2019-09-25","8:48","2019-09-25","9:03","0:15","0.25"
"Team1","UOCNT","working on presentation","","Jack van Heugten Breurkes","jsv22@uclive.ac.nz","#class","No","2019-09-25","9:17","2019-09-25","9:37","0:20","0.3333333333333333"
"Team1","UOCNT","working on presentation","","Jack van Heugten Breurkes","jsv22@uclive.ac.nz","#class","No","2019-09-25","11:34","2019-09-25","12:03","0:29","0.48333333333333334"
"Team1","UOCNT","presentation sessions","","Jack van Heugten Breurkes","jsv22@uclive.ac.nz","#class","No","2019-09-25","15:00","2019-09-25","16:50","1:50","1.8333333333333333"
"Team1","UOCNT","presentation sessions","","Jack van Heugten Breurkes","jsv22@uclive.ac.nz","#class","No","2019-09-27","11:00","2019-09-27","12:50","1:50","1.8333333333333333"
"Team1","UOCNT","having another crack at getting our SQL for creating tables to run from an sql file in the resources folder. Still stuck. will ask a tutor next time I get the chance","","Jack van Heugten Breurkes","jsv22@uclive.ac.nz","#implement","No","2019-09-29","21:28","2019-09-29","21:43","0:15","0.25"
"Team1","UOCNT","fixing our JavaDoc - we get compilation errors when running mvn javadoc:javadoc so going through and fixing some of the errors that get thrown. Fixed a few of them, it turns out that JavaDoc still gets generated if errors are thrown though so looks okay at the moment? Also updated Supplier's constructor.","","Jack van Heugten Breurkes","jsv22@uclive.ac.nz","#fix","No","2019-09-29","21:44","2019-09-29","22:05","0:21","0.35"
"Team1","UOCNT","looking into how to implement a popup window for editing data instead of having it on the main edit data screen. I have an FXML file for the editDataWindow and a FoodItemWindowController class, but am not sure how to go about making the FoodItemWindowController create a new stage. have messaged Connor MacDonald because I think his team has popup windows.","","Jack van Heugten Breurkes","jsv22@uclive.ac.nz","#implement","No","2019-09-30","11:20","2019-09-30","12:15","0:55","0.9166666666666666"
"Team1","UOCNT","fixed FoodItemWindowController class so that the window shows up without throwing errors. turns out it was because I was setting the `model` variable to itself instead of the argument passed to the constructor, which was difficult to diagnose. COMMIT: bafe2b84","","Jack van Heugten Breurkes","jsv22@uclive.ac.nz","#implement","No","2019-09-30","15:04","2019-09-30","15:36","0:32","0.5333333333333333"
"Team1","UOCNT","weekly reflection","","Jack van Heugten Breurkes","jsv22@uclive.ac.nz","#class","No","2019-09-30","20:16","2019-09-30","20:32","0:16","0.26666666666666666"
"Team1","UOCNT","was going to continue work on the food item window to give it the functionality of the edit window. however, for now it seems more pertinent to be doing other things than moving the edit data functionality into a new window.","","Jack van Heugten Breurkes","jsv22@uclive.ac.nz","#implement","No","2019-09-30","20:47","2019-09-30","20:57","0:10","0.16666666666666666"
"Team1","UOCNT","looking into checkstyle so we can possibly integrate it into our build pipeline. from what I've seen it looks like a lot of effort to write a custom set of rules, learn the syntax etc. for little gain. will talk to teaching team about this later.","","Jack van Heugten Breurkes","jsv22@uclive.ac.nz","#infrastructure","No","2019-09-30","21:07","2019-09-30","21:25","0:18","0.3"
"Team1","UOCNT","adding testGetWithRecipe to FoodItemDAOTest. adding get and update Recipe methods to FoodItemDAO. COMMIT: c71311ae","","Jack van Heugten Breurkes","jsv22@uclive.ac.nz","#implement","No","2019-09-30","21:28","2019-09-30","22:21","0:53","0.8833333333333333"
"Team1","UOCNT","continuing to implement JDBCStorage methods to pass recipe tests added to FoodItemDAOTest. Currently not working properly so have disabled the test to commit. COMMIT: 1125f644","","Jack van Heugten Breurkes","jsv22@uclive.ac.nz","#implement","No","2019-10-01","9:51","2019-10-01","10:40","0:49","0.8166666666666667"
"Team1","UOCNT","peer programming with Phillip. working on starting to implement Recipe based on the RecipeTest class. showed the importance of starting by implementing the constructor to avoid refactoring other test scripts later on. COMMIT: 77f31214","","Jack van Heugten Breurkes","jsv22@uclive.ac.nz","#test","No","2019-10-01","12:06","2019-10-01","12:29","0:23","0.38333333333333336"
"Team1","UOCNT","continuing to implement JDBCStorage to allow for storing and fetching of Recipe information from the database. COMMIT: 99f4e8f9","","Jack van Heugten Breurkes","jsv22@uclive.ac.nz","#implement","No","2019-10-01","12:31","2019-10-01","13:00","0:29","0.48333333333333334"
"Team1","UOCNT","Meeting","","Jack van Heugten Breurkes","jsv22@uclive.ac.nz","#meeting","No","2019-10-01","15:00","2019-10-01","15:50","0:50","0.8333333333333334"
"Team1","UOCNT","Lecture","","Jack van Heugten Breurkes","jsv22@uclive.ac.nz","#class","No","2019-10-02","10:00","2019-10-02","10:57","0:57","0.95"
"Team1","UOCNT","Workshop session with teaching team","","Jack van Heugten Breurkes","jsv22@uclive.ac.nz","#class","No","2019-10-02","15:00","2019-10-02","15:30","0:30","0.5"
"Team1","UOCNT","adding database to gitignore. updated JDBCStorage.createAllTables() to run our create_tables.sql script from the resources folder instead of using String constants directly from the class after asking Jack for help. COMMIT: ef497bba","","Jack van Heugten Breurkes","jsv22@uclive.ac.nz","#refactor","No","2019-10-02","15:35","2019-10-02","16:24","0:49","0.8166666666666667"
"Team1","UOCNT","creating an SQL trigger to update the LastUpdated field of CustomerOrder every time the order's status is updated. COMMIT: efbe9dc9","","Jack van Heugten Breurkes","jsv22@uclive.ac.nz","#implement","No","2019-10-02","16:26","2019-10-02","17:10","0:44","0.7333333333333333"
"Team1","UOCNT","Lab session","","Jack van Heugten Breurkes","jsv22@uclive.ac.nz","#class","No","2019-10-04","11:00","2019-10-04","12:43","1:43","1.7166666666666666"
"Team1","UOCNT","managed to get JDBCStorage working for getting recipes. However, there is a flaw with its resetInstance() method that means it is not resetting the database properly. The tests each pass when run individually, but do not pass when all running. Will fix that soon. COMMIT: 30dc43cf","","Jack van Heugten Breurkes","jsv22@uclive.ac.nz","#fix","No","2019-10-04","15:56","2019-10-04","16:59","1:03","1.05"
"Team1","UOCNT","peer programming with Euan - in his latest commit message he said his datahandling acceptance test code was ''a bit ugly'' and that he was ''Not sure if there are other ways to do calculation with BigMoney''. Worked with him to help him fix it by refactoring the DataHandlingSteps class a bit. COMMIT: b613ff02","","Jack van Heugten Breurkes","jsv22@uclive.ac.nz","#refactor","No","2019-10-04","17:02","2019-10-04","17:20","0:18","0.3"
"Team1","UOCNT","adding some of the points from our deliverable 2 feedback to our trello board","","Jack van Heugten Breurkes","jsv22@uclive.ac.nz","#meeting","No","2019-10-04","17:21","2019-10-04","17:31","0:10","0.16666666666666666"
"Team1","UOCNT","fixing the issue with our JDBCStorage resetInstance() method so that it correctly resets the database. Turned out you can only run a single SQL statement using java sql, so switched to an array of DROP TABLE statements and a foreach loop. COMMIT: 26ff310a","","Jack van Heugten Breurkes","jsv22@uclive.ac.nz","#fix","No","2019-10-05","15:21","2019-10-05","15:39","0:18","0.3"
"Team1","UOCNT","created a method OrderDAO.getAllSubmitedOrders() to fetch all pending orders. added tests for it in OrderDAO test. also updated addOrder to only disallow adding of orders with existing IDs instead of forcing the use of the DEFAULT_ID value. changed testAddOrder to disallow adding of orders to the database if their status is CREATING. temporarily disabled testAddOrder and testGetAllSubmittedOrders in JDBCStorageOrderDAOTest as the corresponding interface implementations are not properly implemented yet. COMMIT: c50cbb3a","","Jack van Heugten Breurkes","jsv22@uclive.ac.nz","#test","No","2019-10-05","15:41","2019-10-05","16:16","0:35","0.5833333333333334"
"Team1","UOCNT","implementing JDBCStorage.getAllSubmittedOrders(), and refactoring JDBCStorage.addOrder() to disallow adding of orders with the CREATING status. Actually spent the majority of the time refactoring and making changes to OrderDAOTest, so have tagged this entry as #test. COMMIT: bdec9d09","","Jack van Heugten Breurkes","jsv22@uclive.ac.nz","#test","No","2019-10-05","16:18","2019-10-05","16:40","0:22","0.36666666666666664"
"Team1","UOCNT","decided that Order.setStatus(OrderStatus) is a bit hacky as it circumvents the checks we have in place to ensure that orders are of the right format (contain items, only certain statuses lead to others etc.). Have removed that method and Refactored its usages in JDBCStorage and in OrderDAOTest. COMMIT: 98ab9a04","","Jack van Heugten Breurkes","jsv22@uclive.ac.nz","#refactor","No","2019-10-05","16:41","2019-10-05","17:25","0:44","0.7333333333333333"
"Team1","UOCNT","created the RecipeView custom JavaFX component to implement viewing and editing of recipes. renamed GUI package to gui to fit with FXMLoader conventions so that the custom component can be loaded directly into FXML. removed the forcing full screen stuff from main and SceneController. fixed merge conflict on editData.fxml. COMMIT: 84e56d6f","","Jack van Heugten Breurkes","jsv22@uclive.ac.nz","#implement","No","2019-10-06","13:32","2019-10-06","14:50","1:18","1.3"
"Team1","UOCNT","looking into the builder pattern and creating a RecipeBuilder to facilitate the editing of Recipes (since the ingredients in a recipe should not change after it is instantiated, a new Recipe object needs to be created every time a recipe is edited). also added a test (and implemented code to pass it) to the Recipe class that stops a FoodItem from being in both the ingredient and addableIngredient Sets. COMMIT: a397754d","","Jack van Heugten Breurkes","jsv22@uclive.ac.nz","#refactor","No","2019-10-06","17:37","2019-10-06","18:40","1:03","1.05"
"Team1","UOCNT","weekly reflection","","Jack van Heugten Breurkes","jsv22@uclive.ac.nz","#class","No","2019-10-07","18:04","2019-10-07","18:15","0:11","0.18333333333333332"
"Team1","UOCNT","implementing RecipeView to allow the editing and viewing of Recipes from the edit data screen","","Jack van Heugten Breurkes","jsv22@uclive.ac.nz","#implement","No","2019-10-07","18:28","2019-10-07","18:55","0:27","0.45"
"Team1","UOCNT","implementing RecipeView to allow the editing and viewing of Recipes from the edit data screen. updating FoodItemDAO tests to include updating a FoodItem with a Recipe. COMMIT: 093e93b5","","Jack van Heugten Breurkes","jsv22@uclive.ac.nz","#implement","No","2019-10-07","21:09","2019-10-07","21:53","0:44","0.7333333333333333"
"Team1","UOCNT","writing a test in FoodItemTest that requires a FoodItem's recipe to not contain the FoodItem itself. changing FoodItem.setRecipe to pass the test. COMMIT: d626337f","","Jack van Heugten Breurkes","jsv22@uclive.ac.nz","#test","No","2019-10-07","22:04","2019-10-07","22:23","0:19","0.31666666666666665"
"Team1","UOCNT","updating the EER diagram for our database in preparation for explaining it to the team later today and putting it into the design doc. pushed the new diagram to our git repo. COMMIT: 535e89d4","","Jack van Heugten Breurkes","jsv22@uclive.ac.nz","#designdoc","No","2019-10-08","10:22","2019-10-08","10:39","0:17","0.2833333333333333"
"Team1","UOCNT","changing edit data screen based on feedback from deliverable 2 and to better fit our GUI prototypes. reshuffled components, made currently editing item's code appear much larger.","","Jack van Heugten Breurkes","jsv22@uclive.ac.nz","#refactor","No","2019-10-08","11:05","2019-10-08","11:34","0:29","0.48333333333333334"
"Team1","UOCNT","peer programming with Euan. explained how JDBCStorage works and the create_tables.sql script, implemented JDBCStorage.getAllOrders() and walked through the process with him (explained try with resources, the required queries, how to query a database, how ResultSets work). Then removed my code and walked him through how to create it himself. Also explained the benefit of extending OrderDAOTest for JDBCStorageOrderDAOTest. Euan was very attentive, asking questions about how and why things work so that he could understand the class fully. COMMIT: 43c011ad","","Jack van Heugten Breurkes","jsv22@uclive.ac.nz","#implement","No","2019-10-08","13:28","2019-10-08","14:13","0:45","0.75"
"Team1","UOCNT","peer programming / code explanation with Euan and David. Told them about the process of designing and implementing the readXXX functions in JDBCStorage (we have a table, we want an object, to create that object we need information from the table, getting that info and loading it into an object). Went through the readOrder() function's implementation as an illustrative example.","","Jack van Heugten Breurkes","jsv22@uclive.ac.nz","#infrastructure","No","2019-10-08","14:13","2019-10-08","14:46","0:33","0.55"
"Team1","UOCNT","Meeting","","Jack van Heugten Breurkes","jsv22@uclive.ac.nz","#meeting","No","2019-10-08","15:00","2019-10-08","15:50","0:50","0.8333333333333334"
"Team1","UOCNT","getting readOrder to load an Order's timestamp from the database. considered how to handle equality checking with Orders since the timestamp is handled by the database, so saving an order and loading it will give it a different timestamp field. ended up deciding that equality should not check timestamp. ID is already a unique identifier, so this should not result in non-equal orders being marked as equal. COMMIT: 3ed468e1","","Jack van Heugten Breurkes","jsv22@uclive.ac.nz","#implement","No","2019-10-08","18:20","2019-10-08","18:58","0:38","0.6333333333333333"
"Team1","UOCNT","Q&A session","","Jack van Heugten Breurkes","jsv22@uclive.ac.nz","#class","No","2019-10-09","9:57","2019-10-09","10:50","0:53","0.8833333333333333"
"Team1","UOCNT","working with David to figure out how stock tracking should be implemented within the system. Peer programming / talked him through while I wrote the code for the Kitchen class. ran through how it works (like a tree of FoodItems with each item's ingredients as children) and how Kitchen uses that structure to generate a FoodItem. He is now going to update KitchenTest based on his knowledge. COMMIT: 2a14a887","","Jack van Heugten Breurkes","jsv22@uclive.ac.nz","#infrastructure","No","2019-10-09","11:21","2019-10-09","12:07","0:46","0.7666666666666667"
"Team1","UOCNT","replacing the ''edit'' button on the edit data screen with a double click on the table row. COMMIT: a6af647b","","Jack van Heugten Breurkes","jsv22@uclive.ac.nz","#implement","No","2019-10-09","12:11","2019-10-09","12:25","0:14","0.23333333333333334"
"Team1","UOCNT","ran through the process of using Kitchen.getFoodItemInstance() when ordering food so that stock counts are updated. We discussed at which point in the order process the food should be taken out of the system, and whether it needs to be added back in at a different point (options were to remove the food when the order is completed, or to remove the food when the order is submitted but put it back if the order is cancelled before completing). I encouraged Phillip to make the call on which option to choose. While implementing, I explained why we want to create the food items in the gui controller classes using CreateOrderDisplay.submitOrder() and OrderProgressDisplay.cancelOrder() instead of in Order.submitOrder() and Order.cancelOrder(), which is because when loading Orders from the database we don't want to have to create all the food in the order. I asked Phillip to explain our decisions to David after the session so that I could ensure that he understands it. This helped me identify any gaps. His explanation was good so I am confident that he understands what we did. COMMIT: a87bb49a","","Jack van Heugten Breurkes","jsv22@uclive.ac.nz","#implement","No","2019-10-09","12:25","2019-10-09","13:16","0:51","0.85"
"Team1","UOCNT","helping various team members debug some stuff. helped Euan with fixing a bug in FoodItemHandler where FoodItems would reject updated Recipes (ended up being caused by the union check in FoodItem.setRecipe() manipulating the Recipe's version of the ingredients set). Helped David with resolving an issue in KitchenTest (we were using MemoryStorage instead of JDBCStorage for the test. the reason was that MemoryStorage stores an instance of the FoodItem, meaning that getting an item and modifying it modifies the version in storage as well. we added tests to OrderDAOTest and FoodItemDAOTest to ensure that implementations do not allow users to modify items in the database by altering the result of a getXXX() method).","","Jack van Heugten Breurkes","jsv22@uclive.ac.nz","#fix","No","2019-10-09","15:45","2019-10-09","16:31","0:46","0.7666666666666667"
"Team1","UOCNT","was going to fix MemoryStorage to return a clone of the FoodItem being requested, but ended up deciding it was easiest to deprecate the class since we use JDBCStorage for everything. also talked to Jack about deprecating classes, how to best split test classes into more granular pieces, custom exceptions. COMMIT: 0af5639d","","Jack van Heugten Breurkes","jsv22@uclive.ac.nz","#fix","No","2019-10-09","16:35","2019-10-09","17:03","0:28","0.4666666666666667"
"Team1","UOCNT","allowing items to be removed from a recipe on the order screen. allowing items to be removed from a recipe in the edit recipe screen. COMMIT: 84c2a6aa","","Jack van Heugten Breurkes","jsv22@uclive.ac.nz","#implement","No","2019-10-09","21:38","2019-10-09","22:28","0:50","0.8333333333333334"
"Team1","UOCNT","trying to solve the issue with cyclic recipes (e.g. A has ingredient B and B has ingredient A) on paper. Drew a graph of a possible cause of the problem. I think the problem arose from us implementing Kitchen under the assumption that recipe dependencies would be similar to a tree, with recipes only containing FoodItems ''below'' the item they were creating. However, in reality the structure is a graph, where an item can depend on any other item in the database. My planned solution is to implement a Map to store the state of each node (FoodItem) required by recipes we are trying to create. Since Kitchen implements a form of depth first search, this state array can be used to detect cycles and thereby prevent stack overflows.","","Jack van Heugten Breurkes","jsv22@uclive.ac.nz","#infrastructure","No","2019-10-10","7:26","2019-10-10","7:44","0:18","0.3"
"Team1","UOCNT","added test case to KitchenTest to check that cyclic dependencies do not throw errors. COMMIT: 5f039fdb","","Jack van Heugten Breurkes","jsv22@uclive.ac.nz","#test","No","2019-10-10","7:44","2019-10-10","7:52","0:08","0.13333333333333333"
"Team1","UOCNT","implementing cycle detection in the Kitchen class's getFoodItemInstance method. Tried to get it to stop throwing a StackOverflowException. turns out that although my fix to Kitchen appears to detect cycles correctly, we still get stack overflow exceptions when loading FoodItems from the database with circular recipe dependencies because of the way recipe loading is set up. will need to refactor our recipe loading to fix this issue. potentially avoid loading the recipes of ingredients unless it is necessary for making the item via the kitchen. COMMIT: 7c218edb","","Jack van Heugten Breurkes","jsv22@uclive.ac.nz","#implement","No","2019-10-10","7:54","2019-10-10","8:11","0:17","0.2833333333333333"
"Team1","UOCNT","refactoring the KitchenTest class to split tests up further. also replaced usages of assertTrue(FoodItem == FoodItem) with assertEquals(FoodItem, FoodItem). switched to using RecipeBuilder instead of the Recipe constructor. COMMIT: 1670784d","","Jack van Heugten Breurkes","jsv22@uclive.ac.nz","#refactor","No","2019-10-10","11:15","2019-10-10","11:58","0:43","0.7166666666666667"
"Team1","UOCNT","adding some JavaDoc to various methods where it is missing. minor refactoring of some methods in Kitchen class. COMMIT: 3e990868","","Jack van Heugten Breurkes","jsv22@uclive.ac.nz","#document","No","2019-10-10","15:19","2019-10-10","15:53","0:34","0.5666666666666667"
"Team1","UOCNT","implementing cycle detection in the Kitchen class's getFoodItemInstance method. Tried to get it to stop throwing a StackOverflowException. turns out that although my fix to Kitchen appears to detect cycles correctly, we still get stack overflow exceptions when loading FoodItems from the database with circular recipe dependencies because of the way recipe loading is set up. will need to refactor our recipe loading to fix this issue. potentially avoid loading the recipes of ingredients unless it is necessary for making the item via the kitchen. COMMIT: 7c218edb","","Jack van Heugten Breurkes","jsv22@uclive.ac.nz","#implement","No","2019-10-10","15:53","2019-10-10","16:32","0:39","0.65"
"Team1","UOCNT","implementing cycle detection in the Kitchen class's getFoodItemInstance method. Tried to get it to stop throwing a StackOverflowException. turns out that although my fix to Kitchen appears to detect cycles correctly, we still get stack overflow exceptions when loading FoodItems from the database with circular recipe dependencies because of the way recipe loading is set up. will need to refactor our recipe loading to fix this issue. potentially avoid loading the recipes of ingredients unless it is necessary for making the item via the kitchen. COMMIT: 7c218edb","","Jack van Heugten Breurkes","jsv22@uclive.ac.nz","#implement","No","2019-10-10","17:14","2019-10-10","17:30","0:16","0.26666666666666666"
"Team1","UOCNT","refactoring JDBCStorage so that FoodItems loaded as recipe ingredients do not have their recipes loaded as well. Also refactored Recipe to use the codes of ingredients in hashCode() and toString(). I know that the issues with stack overflows are being caused by the circular dependencies, and I believe that these issues would be completely fixed if Recipe stored only the codes for the ingredients as opposed to a reference to an instance of the item. For now it all works, but I will put this on my radar of things to fix soon.","","Jack van Heugten Breurkes","jsv22@uclive.ac.nz","#refactor","No","2019-10-10","20:24","2019-10-10","20:48","0:24","0.4"
"Team1","UOCNT","adding JavaDoc in various places it was missed, adding class level javadoc. COMMIT: 0216f39b","","Jack van Heugten Breurkes","jsv22@uclive.ac.nz","#document","No","2019-10-10","21:49","2019-10-10","22:07","0:18","0.3"
"Team1","UOCNT","refactoring Recipe to only use ingredients with a null recipe. This should eliminate stack overflows from being caused by getting FoodItems in a recipe while still keeping information about the Recipe's components available and minimise refactoring in other parts of the system. Did some manual GUI testing to check that overflow errors were avoided. I wrote down the process for these manual tests so that I can add them to the design doc later. COMMIT: 090e6129","","Jack van Heugten Breurkes","jsv22@uclive.ac.nz","#refactor","No","2019-10-11","10:14","2019-10-11","10:41","0:27","0.45"
"Team1","UOCNT","writing test SQL data for manual testing of the order analysis screen","","Jack van Heugten Breurkes","jsv22@uclive.ac.nz","#test","No","2019-10-11","10:53","2019-10-11","11:13","0:20","0.3333333333333333"
"Team1","UOCNT","Discussing the overwrite changes menu with Euan, deciding how in depth it should be.","","Jack van Heugten Breurkes","jsv22@uclive.ac.nz","#infrastructure","No","2019-10-11","11:19","2019-10-11","11:26","0:07","0.11666666666666667"
"Team1","UOCNT","allow editing of stock count from the edit data screen","","Jack van Heugten Breurkes","jsv22@uclive.ac.nz","#implement","No","2019-10-11","11:30","2019-10-11","11:35","0:05","0.08333333333333333"
"Team1","UOCNT","explaining circular recipe problem to the team so that they can learn from the issues I've had","","Jack van Heugten Breurkes","jsv22@uclive.ac.nz","#infrastructure","No","2019-10-11","11:35","2019-10-11","11:42","0:07","0.11666666666666667"
"Team1","UOCNT","allow editing of stock count from the edit data screen. COMMIT: 51b35d76","","Jack van Heugten Breurkes","jsv22@uclive.ac.nz","#implement","No","2019-10-11","11:42","2019-10-11","11:58","0:16","0.26666666666666666"
"Team1","UOCNT","creating an order and trying to cancel it wasn't working. this was due to the fact that when cancelling the order and putting the food items back into stock we were using storage.addFoodItem instead of setFoodItemStock. fixed the issue. COMMIT: 10de5974","","Jack van Heugten Breurkes","jsv22@uclive.ac.nz","#fix","No","2019-10-11","11:58","2019-10-11","12:05","0:07","0.11666666666666667"
"Team1","UOCNT","david identified some issues when GUI testing, so discussed those and got him on the latest version of the repo which had them fixed.","","Jack van Heugten Breurkes","jsv22@uclive.ac.nz","#fix","No","2019-10-11","12:05","2019-10-11","12:13","0:08","0.13333333333333333"
"Team1","UOCNT","David identified that if you try to delete an item that is contained in a recipe, it causes an error and the application cannot be relaunched. Adding some cascading delete stuff when deleting FoodItems to hopefully fix this issue.","","Jack van Heugten Breurkes","jsv22@uclive.ac.nz","#implement","No","2019-10-11","12:13","2019-10-11","12:59","0:46","0.7666666666666667"
"Team1","UOCNT","writing up a manual tests for using the GUI when ordering. this could possibly be converted to an acceptance test. This revealed an issue in KitchenTest where a test was passing that shouldn't have been. This was because when adding a FoodItem to a Recipe that instance of the FoodItem's recipe was set to null, which modified the instance being passed. To solve this issue I added a method to FoodItem to clone the item without its recipe so that the instance being added to a Recipe would not be linked to any other instances within the system. I then updated Recipe to use this method. Also spent some time refactoring RecipeTest, and Recipe to get adding food items to recipes to use codes instead of passing instances. I think something I am learning for next time is that passing references when we can do something using only the code is not best practice. COMMIT: 85a260c1","","Jack van Heugten Breurkes","jsv22@uclive.ac.nz","#refactor","No","2019-10-12","9:19","2019-10-12","10:14","0:55","0.9166666666666666"
"Team1","UOCNT","refactoring OrderDAOTest to split testGetAllSubmittedOrders into more tests, adding code to ensure that retrieved orders have submitted status. started modifying OrderProgressDisplay to use OrderDAO.getAllSubmittedOrders() so that pending orders do not dissapear when changing windows. COMMIT: 4d37523a","","Jack van Heugten Breurkes","jsv22@uclive.ac.nz","#refactor","No","2019-10-12","10:18","2019-10-12","10:38","0:20","0.3333333333333333"
"Team1","UOCNT","modifying OrderProgressDisplay to use OrderDAO.getAllSubmittedOrders() so that pending orders do not dissapear when changing windows. COMMIT: e8551452","","Jack van Heugten Breurkes","jsv22@uclive.ac.nz","#implement","No","2019-10-12","10:44","2019-10-12","11:06","0:22","0.36666666666666664"
"Team1","UOCNT","Maree explained the fix to JDBCStorage to allow on delete cascade to work. For some reason, JDBC does not support SQLite foreign keys unless you set it to do so explicitly using and SQLiteConfig object.","","Jack van Heugten Breurkes","jsv22@uclive.ac.nz","#implement","No","2019-10-12","11:08","2019-10-12","11:35","0:27","0.45"
"Team1","UOCNT","improving feedback given by RecipeView on the edit data screen. have removed the ''save recipe button'' so that everything is done through the ''save changes'' button. also edited some JavaFX so that the order screen displays a bit better on smaller screens (hopefully). COMMIT: d2c73988","","Jack van Heugten Breurkes","jsv22@uclive.ac.nz","#implement","No","2019-10-12","14:44","2019-10-12","15:24","0:40","0.6666666666666666"
"Team1","UOCNT","adding JavaDoc in places it was missing. COMMIT: 57c2a11e","","Jack van Heugten Breurkes","jsv22@uclive.ac.nz","#document","No","2019-10-12","15:37","2019-10-12","16:00","0:23","0.38333333333333336"
"Team1","UOCNT","putting the RecipeView data in a scrollable pane so that long recipes do not take up too much room on the page. COMMIT: 70142974","","Jack van Heugten Breurkes","jsv22@uclive.ac.nz","#implement","No","2019-10-12","16:03","2019-10-12","16:12","0:09","0.15"
"Team1","UOCNT","explaining why we didn't implement manual editing of Menus to David so that he can put it in the design doc","","Jack van Heugten Breurkes","jsv22@uclive.ac.nz","#designdoc","No","2019-10-12","16:12","2019-10-12","16:16","0:04","0.06666666666666667"
"Team1","UOCNT","Euan explained the overwrite changes menu that he developed to me so that I know how it works.","","Jack van Heugten Breurkes","jsv22@uclive.ac.nz","#infrastructure","No","2019-10-12","16:19","2019-10-12","16:29","0:10","0.16666666666666666"
"Team1","UOCNT","Peer programming with Euan - developing an acceptance test for the kitchen class based on the manual test I came up with earlier. Euan explained how the gherkin syntax leads to acceptance tests, how to generate stepdefs, walked me through the process of writing the test. COMMIT: c53dcb93","","Jack van Heugten Breurkes","jsv22@uclive.ac.nz","#test","No","2019-10-12","16:29","2019-10-12","17:32","1:03","1.05"
"Team1","UOCNT","increasing the padding around MenuItemDisplay items and added a border based on feedback from user testing with Alyssa (she said there was not enough spacing between menu items). Removed the placeholder image from MenuItemDisplay and replaced it with the FoodItem's cost and other useful info. COMMIT: 41780e4a","","Jack van Heugten Breurkes","jsv22@uclive.ac.nz","#implement","No","2019-10-12","17:56","2019-10-12","18:29","0:33","0.55"
"Team1","UOCNT","padded the RecipeView panel in the edit data screen to better fit our gui mockups in the design doc. COMMIT: fc6e44be","","Jack van Heugten Breurkes","jsv22@uclive.ac.nz","#refactor","No","2019-10-12","18:31","2019-10-12","18:38","0:07","0.11666666666666667"
"Team1","UOCNT","writing some task scenarios to ask test users to complete. came up with the following: 1. Order an Almond Milk, Rotisserie Chicken, and a Cheeseburger without lettuce. Tell the customer how much the order costs. FR8; 2. Tell a customer whether the Spicy Bean Burger is vegan. FR3; 3. Check how many Sparkling Apples are in stock. FR7; 4. Customer asks for a black coffee, but changes their mind and wants a hand tossed salad instead. FR14; 5. see what items have the most stock available. FR16; 6. change the name of ''Beef'' to ''Natural Beef Mince''. FR23; 7. sort the items in storage by their calories per unit. FR16; 8. add Bun and Lettuce as ingredients of Tofu Burger.","","Jack van Heugten Breurkes","jsv22@uclive.ac.nz","#testmanual","No","2019-10-12","18:42","2019-10-12","18:57","0:15","0.25"
"Team1","UOCNT","increasing the vertical size of the create order display. COMMIT: 7198e052","","Jack van Heugten Breurkes","jsv22@uclive.ac.nz","#implement","No","2019-10-12","18:58","2019-10-12","19:09","0:11","0.18333333333333332"
"Team1","UOCNT","setting up a worksheet to record data from observing people run through the task scenarios in our system.","","Jack van Heugten Breurkes","jsv22@uclive.ac.nz","#document","No","2019-10-12","19:11","2019-10-12","19:22","0:11","0.18333333333333332"
"Team1","UOCNT","asked Daniel Harris to run through the 8 scenarios created earlier. recorded what he did, asked for feedback.","","Jack van Heugten Breurkes","jsv22@uclive.ac.nz","#testmanual","No","2019-10-12","19:24","2019-10-12","19:41","0:17","0.2833333333333333"
"Team1","UOCNT","merging the import data screen and edit data screen into one. this was one of the key points Daniel raised in our user testing. COMMIT: 8f742632","","Jack van Heugten Breurkes","jsv22@uclive.ac.nz","#implement","No","2019-10-12","19:44","2019-10-12","20:05","0:21","0.35"
"Team1","UOCNT","removed unused code after merging the import and edit data screens (cleaning up controller button methods and various references to import and edit data screens). COMMIT: 3c402024","","Jack van Heugten Breurkes","jsv22@uclive.ac.nz","#refactor","No","2019-10-12","20:34","2019-10-12","20:45","0:11","0.18333333333333332"
"Team1","UOCNT","sorting food items on the order screen by name. this was another key point Daniel raised when we ran through our scenarios. COMMIT: 8b7d480c","","Jack van Heugten Breurkes","jsv22@uclive.ac.nz","#implement","No","2019-10-12","20:45","2019-10-12","20:58","0:13","0.21666666666666667"
"Team1","UOCNT","editing the food storage screen to only show edit elements when the user is editing an item. this was another thing David suggested to improve the system usability. COMMIT: 590bf854","","Jack van Heugten Breurkes","jsv22@uclive.ac.nz","#implement","No","2019-10-12","21:00","2019-10-12","21:30","0:30","0.5"
"Team1","UOCNT","increasing the height of the recipe editor in the food item storage screen. doing this made me think that the entire screen could be shuffled around to better fit to different screen sizes. might do some more on this tomorrow. COMMIT: 41e1932f","","Jack van Heugten Breurkes","jsv22@uclive.ac.nz","#refactor","No","2019-10-12","21:29","2019-10-12","21:53","0:24","0.4"
"Team1","UOCNT","updating our UML class diagram based on the current version of the codebase.","","Jack van Heugten Breurkes","jsv22@uclive.ac.nz","#designdoc","No","2019-10-13","8:27","2019-10-13","9:00","0:33","0.55"
"Team1","UOCNT","Updated RecipeBuilder to only use ingredient codes for removeIngredient and updateIngredientAmount methods. removed uneeded arg to importFile() in FoodItemStorageController. updated delete item message based on Daniel's feedback. COMMIT: d374a455","","Jack van Heugten Breurkes","jsv22@uclive.ac.nz","#refactor","No","2019-10-13","9:00","2019-10-13","9:31","0:31","0.5166666666666667"
"Team1","UOCNT","updating user manual based on recent changes. modifying the add and edit data sections, as well as the change recipe section. adding information about save files.","","Jack van Heugten Breurkes","jsv22@uclive.ac.nz","#document","No","2019-10-13","9:32","2019-10-13","9:51","0:19","0.31666666666666665"
"Team1","UOCNT","splitting up FoodItemTest.testConstructor() to improve testability (based on deliverable 2 feedback about splitting up tests). COMMIT: 4837a82f","","Jack van Heugten Breurkes","jsv22@uclive.ac.nz","#refactor","No","2019-10-13","9:51","2019-10-13","9:58","0:07","0.11666666666666667"
"Team1","UOCNT","Peer programming with Euan - Euan was writing an acceptance test for adding a recipe to an imported food item and was wondering why his test wasn't passing. The reason was that Euan was updating the recipe of an instance of the food item but was not saving that change to the database. Euan asked why updating a FoodItem didn't automatically save it to the database. I fixed the test, and then explained why I did what I did - explaining the importance of differentiating between an instance of a food item and the blueprint for a type of food item that is stored in the database, and why making changes to an instance doesn't mean we should always change things in the database. Euan understood this well and came out with a better understanding of the relationship between objects stored in a database and instances of those objects being used in software.","","Jack van Heugten Breurkes","jsv22@uclive.ac.nz","#infrastructure","No","2019-10-13","13:00","2019-10-13","13:38","0:38","0.6333333333333333"
"Team1","UOCNT","discussing the design doc with David, discussed the decision process for cutting features for deliverable 2 and 3","","Jack van Heugten Breurkes","jsv22@uclive.ac.nz","#designdoc","No","2019-10-13","13:38","2019-10-13","13:49","0:11","0.18333333333333332"
"Team1","UOCNT","fixing alphabetising of order screen items to be case insensitive. trying to get double clicking on a VBox to work to start creating an order. This was the first thing Daniel tried to do when user testing creating an order, so decided it would be good to at least make it do something. COMMIT: 4df82113","","Jack van Heugten Breurkes","jsv22@uclive.ac.nz","#refactor","No","2019-10-13","13:49","2019-10-13","14:22","0:33","0.55"
"Team1","UOCNT","Linked FR20 and FR21 to UC15 and UC16 respectively","","Jack van Heugten Breurkes","jsv22@uclive.ac.nz","#designdoc","No","2019-10-13","15:02","2019-10-13","15:10","0:08","0.13333333333333333"
"Team1","UOCNT","writing a manual test for ordering a food item with a circular recipe dependency (Test 14).","","Jack van Heugten Breurkes","jsv22@uclive.ac.nz","#designdoc","No","2019-10-13","15:10","2019-10-13","15:22","0:12","0.2"
"Team1","UOCNT","adding deliverable 3 section to appendix, adding links to sections in the document.","","Jack van Heugten Breurkes","jsv22@uclive.ac.nz","#designdoc","No","2019-10-13","15:26","2019-10-13","15:30","0:04","0.06666666666666667"
"Team1","UOCNT","adding usability testing heading and explanation to the quality testing section of the design doc.","","Jack van Heugten Breurkes","jsv22@uclive.ac.nz","#designdoc","No","2019-10-13","15:30","2019-10-13","16:15","0:45","0.75"
"Team1","UOCNT","doing usability testing with Issac Murtagh, adding notes from testing with him to the design doc.","","Jack van Heugten Breurkes","jsv22@uclive.ac.nz","#designdoc","No","2019-10-13","16:16","2019-10-13","16:39","0:23","0.38333333333333336"
"Team1","UOCNT","adding separators between ingredients in the order display based on notes from user testing with Isaac. updated UML accordingly since OrderIngredientDisplay now extends VBox. COMMIT: 89c09284","","Jack van Heugten Breurkes","jsv22@uclive.ac.nz","#implement","No","2019-10-13","16:41","2019-10-13","16:56","0:15","0.25"
"Team1","UOCNT","the team members in the labs (me, Euan, Richard and David) all went to the gym as a break from the project. Not related to the project, but thought I'd mention it since it was a fun bit of team bonding.","","Jack van Heugten Breurkes","jsv22@uclive.ac.nz","#other","No","2019-10-13","17:00","2019-10-13","17:01","0:01","0.016666666666666666"
"Team1","UOCNT","renaming the analysis screen to analyse past orders based on results of user testing with Isaac. COMMIT: e53a05ca","","Jack van Heugten Breurkes","jsv22@uclive.ac.nz","#implement","No","2019-10-13","19:27","2019-10-13","19:37","0:10","0.16666666666666666"
"Team1","UOCNT","Cheng Yi wanted to discuss their approach to persistent storage (importing and exporting XML files) and how we approached it differently. I discussed the pros and cons of each approach with her, and went through some reasons why their approach was valid and ways they could phrase it as a benefit (e.g. each day of sales and information is dependent only on the food items and stock they had for that day, so if the truck stopped selling a certain item then they wouldn't have to worry about their old records being invalid after deleting the item for a particular day). I suggested they do a discussion in their design doc on these pros and cons.","","Jack van Heugten Breurkes","jsv22@uclive.ac.nz","#infrastructure","No","2019-10-13","19:39","2019-10-13","19:51","0:12","0.2"
"Team1","UOCNT","adding RecipeView and RecipeIngredientDisplay to our UML class diagram.","","Jack van Heugten Breurkes","jsv22@uclive.ac.nz","#designdoc","No","2019-10-13","19:51","2019-10-13","20:01","0:10","0.16666666666666666"
"Team1","UOCNT","displaying error text when trying to add an item that already exists in an order. refactored FoodItemStorageController to use a new public method setStatusText to display status text, allowing errors to show up in a different colour and for children to also set the status text. COMMIT: 37fd81ed","","Jack van Heugten Breurkes","jsv22@uclive.ac.nz","#implement","No","2019-10-13","20:02","2019-10-13","20:20","0:18","0.3"
"Team1","UOCNT","refactoring FoodItemDAOTest, OrderSteps and JDBCStorage to use RecipeBuilder instead of the Recipe constructor. COMMIT: 1dad6361","","Jack van Heugten Breurkes","jsv22@uclive.ac.nz","#refactor","No","2019-10-13","20:21","2019-10-13","20:34","0:13","0.21666666666666667"
"Team1","UOCNT","updating the README based on deliverable 2 feedback","","Jack van Heugten Breurkes","jsv22@uclive.ac.nz","#document","No","2019-10-13","20:49","2019-10-13","20:55","0:06","0.1"
"Team1","UOCNT","trying to identify why creating orders is taking longer than in deliverable 2. cancelling an order is also a bit slow. this is caused by the database operations used when submitting or cancelling an order.","","Jack van Heugten Breurkes","jsv22@uclive.ac.nz","#testmanual","No","2019-10-13","21:06","2019-10-13","21:25","0:19","0.31666666666666665"
"Team1","UOCNT","allowing users to add multiple of an item to a recipe using the edit data screen. COMMIT: fb8b7d35","","Jack van Heugten Breurkes","jsv22@uclive.ac.nz","#implement","No","2019-10-13","21:26","2019-10-13","21:45","0:19","0.31666666666666665"
"Team1","UOCNT","reworking the food item storage screen to fit better on smaller screens. Also removed the ''delete'' button in favour of using the delete key. updated user manual accordingly. COMMIT: 05e28516","","Jack van Heugten Breurkes","jsv22@uclive.ac.nz","#refactor","No","2019-10-13","21:50","2019-10-13","22:32","0:42","0.7"
"Team1","UOCNT","fixing the issue where orders take a longer time than desired to submit/complete. Also updating the order display to show a timestamp instead of a number. This required some refactoring of the order screen. The way I did it was using threading to do the database update operations which were the cause for the slowness. COMMIT: 7c066cac","","Jack van Heugten Breurkes","jsv22@uclive.ac.nz","#refactor","No","2019-10-14","8:14","2019-10-14","9:43","1:29","1.4833333333333334"
"Team1","UOCNT","resizing the order screen to fit everything a bit better. COMMIT: 5289551d","","Jack van Heugten Breurkes","jsv22@uclive.ac.nz","#refactor","No","2019-10-14","9:44","2019-10-14","9:51","0:07","0.11666666666666667"
"Team1","UOCNT","testing the threading based features. Threading is relatively complicated, so have decided to disable it and created a utility class UseThreading to keep track of a flag tracking whether it should be used. set this to ''false'' by default. I don't want to affect the team's final grade by changing something massive right before delivery so will probably leave this flag at false even if I fix threading. COMMIT: 5310fb2a","","Jack van Heugten Breurkes","jsv22@uclive.ac.nz","#refactor","No","2019-10-14","10:01","2019-10-14","10:46","0:45","0.75"
"Team1","UOCNT","adding missing JavaDoc. COMMIT: a1cb4fef","","Jack van Heugten Breurkes","jsv22@uclive.ac.nz","#document","No","2019-10-14","10:46","2019-10-14","11:19","0:33","0.55"
"Team1","UOCNT","Euan wondered why an acceptance test wasn't working. turned out someone had used ''=='' for checking the code of items in Recipe.addIngredient and Recipe.removeIngredient. refactored the class to use .equals() and wrote RecipeTest.testUsingDifferentStringObjectsAsCodes() to ensure that the issue is covered by our unit tests. COMMIT: cb5ccdd8","","Jack van Heugten Breurkes","jsv22@uclive.ac.nz","#fix","No","2019-10-14","11:18","2019-10-14","11:32","0:14","0.23333333333333334"
"Team1","UOCNT","building JavaDoc and adding it to the deliverable folder.","","Jack van Heugten Breurkes","jsv22@uclive.ac.nz","#document","No","2019-10-14","11:35","2019-10-14","11:48","0:13","0.21666666666666667"
"Team1","UOCNT","wrote tests for RecipeBuilder. implemented adding addable ingredients when loading existing recipe using recipebuilder. COMMIT: 8af32bbd","","Jack van Heugten Breurkes","jsv22@uclive.ac.nz","#test","No","2019-10-14","11:50","2019-10-14","12:14","0:24","0.4"
"Team1","UOCNT","Added explanation of our system’s failing of QR4a, and our proposed solution and timeframe to solve it.","","Jack van Heugten Breurkes","jsv22@uclive.ac.nz","#designdoc","No","2019-10-14","12:26","2019-10-14","13:09","0:43","0.7166666666666667"
"Team1","UOCNT","Wrote the description of how recipe management and stock counting was implemented in deliverable 3.","","Jack van Heugten Breurkes","jsv22@uclive.ac.nz","#designdoc","No","2019-10-14","13:13","2019-10-14","13:44","0:31","0.5166666666666667"
"Team1","UOCNT","updating the UML in the design doc. added cardinalities based on deliverable 2 feedback, missing classes. Added EER diagram to design doc and discussed.","","Jack van Heugten Breurkes","jsv22@uclive.ac.nz","#designdoc","No","2019-10-14","13:43","2019-10-14","14:44","1:01","1.0166666666666666"
"Team1","UOCNT","building and testing the app jar file for delivery, adding text xml to the submission folder","","Jack van Heugten Breurkes","jsv22@uclive.ac.nz","#testmanual","No","2019-10-14","14:46","2019-10-14","14:52","0:06","0.1"
"Team1","UOCNT","removing random code comments, compressing the codebase for delivery. testing it unzips and imports correctly.","","Jack van Heugten Breurkes","jsv22@uclive.ac.nz","#testmanual","No","2019-10-14","14:52","2019-10-14","15:35","0:43","0.7166666666666667"
"Team1","UOCNT","testing the codebase builds and runs using the readme instructions on a computer that has never had the project on it before.","","Jack van Heugten Breurkes","jsv22@uclive.ac.nz","#testmanual","No","2019-10-14","15:35","2019-10-14","15:46","0:11","0.18333333333333332"
"Team1","UOCNT","adding my key lessons learned to the design doc, updating key features with storage stuff, writing deliverable 3 section wrapup in project plan section","","Jack van Heugten Breurkes","jsv22@uclive.ac.nz","#designdoc","No","2019-10-14","15:47","2019-10-14","16:31","0:44","0.7333333333333333"
