"Project","Client","Description","Task","User","Email","Tags","Billable","Start Date","Start Time","End Date","End Time","Duration (h)","Duration (decimal)"
"Team1","UOCNT","Presentation - Deliverable 2 -  Week 9","","Richard Vong","rvo16@uclive.ac.nz","#class","No","2019-09-25","15:00","2019-09-25","17:00","2:00","2.0"
"Team1","UOCNT","Presentation - Deliverable 2","","Richard Vong","rvo16@uclive.ac.nz","#class","No","2019-09-27","11:00","2019-09-27","13:00","2:00","2.0"
"Team1","UOCNT","Helping Euan on gui design. Rewriting gherkin tests.","","Richard Vong","rvo16@uclive.ac.nz","#implement","No","2019-10-01","14:28","2019-10-01","14:49","0:21","0.35"
"Team1","UOCNT","Team meeting in eps libary. Discussed next step before final deliverable which is just under 2 weeks from now, what we've done, road blocks and next steps each of us are going to do. Also talked about how we need to do time management as while the final deliverable due date approaches we also have several tests and assignments coming up too.","","Richard Vong","rvo16@uclive.ac.nz","#meeting","No","2019-10-01","15:00","2019-10-01","16:00","1:00","1.0"
"Team1","UOCNT","Writing up meeting minutes (summarising what we've discussed during our meeting today).","","Richard Vong","rvo16@uclive.ac.nz","#other","No","2019-10-01","19:10","2019-10-01","19:23","0:13","0.21666666666666667"
"Team1","UOCNT","Lecture - listened to guess speakers","","Richard Vong","rvo16@uclive.ac.nz","#class","No","2019-10-02","10:00","2019-10-02","11:00","1:00","1.0"
"Team1","UOCNT","Explaining to Euan Scene controller linking","","Richard Vong","rvo16@uclive.ac.nz","#implement","No","2019-10-02","13:27","2019-10-02","13:36","0:09","0.15"
"Team1","UOCNT","Lab - Discussion with teaching staff. Spoke about roadblocks, prioritising features communication with teaching staff and team.","","Richard Vong","rvo16@uclive.ac.nz","#class","No","2019-10-02","15:00","2019-10-02","15:30","0:30","0.5"
"Team1","UOCNT","Peer programming in Erskine 133 with team. Implemented popup alert on EditData window which pops a alert box up to confirm data deletion. Fixed a bug when deleting an item when no item is selected.","","Richard Vong","rvo16@uclive.ac.nz","#implement","No","2019-10-02","15:30","2019-10-02","17:00","1:30","1.5"
"Team1","UOCNT","Reading through Trelloboard and reorganising cards. Update UnitType with new enums. Read through uploadFileHandler.","","Richard Vong","rvo16@uclive.ac.nz","#implement","No","2019-10-02","17:00","2019-10-02","17:51","0:51","0.85"
"Team1","UOCNT","Lab - Unit Testing and TDD","","Richard Vong","rvo16@uclive.ac.nz","#class","No","2019-10-04","11:00","2019-10-04","13:00","2:00","2.0"
"Team1","UOCNT","Reading over updates on project code cause code isnt building. Working on other parts of project due to unfinished class, will merge later when class is finished.","","Richard Vong","rvo16@uclive.ac.nz","#implement","No","2019-10-07","14:39","2019-10-07","15:22","0:43","0.7166666666666667"
"Team1","UOCNT","Working on cucumber tests from OrderSteps","","Richard Vong","rvo16@uclive.ac.nz","#implement","No","2019-10-07","19:24","2019-10-07","19:34","0:10","0.16666666666666666"
"Team1","UOCNT","Implementing orderSteps step defs","","Richard Vong","rvo16@uclive.ac.nz","#implement","No","2019-10-07","20:59","2019-10-07","22:02","1:03","1.05"
"Team1","UOCNT","Meeting - Discussing final deliverable","","Richard Vong","rvo16@uclive.ac.nz","#meeting","No","2019-10-08","15:00","2019-10-08","16:00","1:00","1.0"
"Team1","UOCNT","Working on cucumber tests. Deleted irreverent step defs that tested against GUI and deleted step defs that we are no longer implementing. Implemented several step defs that were still valid and created new step defs and implemented them.","","Richard Vong","rvo16@uclive.ac.nz","#test","No","2019-10-09","15:03","2019-10-09","17:40","2:37","2.6166666666666667"
"Team1","UOCNT","Peer programming with Euan on FoodItemHandler and XMLs, went through how the Recipe parsing works inside the FoodItemHandler so that I can refactor the Recipe parser using the RecipeBuilder class written by Jack which automatically creates a Recipe object without having to create them inside the FoodItemHandler manually (using RecipeBuilderVariable.generateRecipe()).","","Richard Vong","rvo16@uclive.ac.nz","#refactor","No","2019-10-10","18:36","2019-10-10","20:54","2:18","2.3"
"Team1","UOCNT","Working on design doc. Adding new Reflection section","","Richard Vong","rvo16@uclive.ac.nz","#designdoc","No","2019-10-11","11:17","2019-10-11","11:33","0:16","0.26666666666666666"
"Team1","UOCNT","Team discussion about new change in FoodItem class design.","","Richard Vong","rvo16@uclive.ac.nz","#infrastructure","No","2019-10-11","11:33","2019-10-11","11:42","0:09","0.15"
"Team1","UOCNT","Working on design doc. New acceptance test section discussing which of our acceptance tests were implemented from our earlier report.","","Richard Vong","rvo16@uclive.ac.nz","#designdoc","No","2019-10-11","11:45","2019-10-11","12:04","0:19","0.31666666666666665"
"Team1","UOCNT","Reading though acceptance tests in doc. Implementing more order acceptance tests and putting a note on the code for which use case they represent.","","Richard Vong","rvo16@uclive.ac.nz","#test","No","2019-10-11","12:04","2019-10-11","12:42","0:38","0.6333333333333333"
"Team1","UOCNT","Refactor acceptance tests","","Richard Vong","rvo16@uclive.ac.nz","#refactor","No","2019-10-12","17:30","2019-10-12","17:41","0:11","0.18333333333333332"
"Team1","UOCNT","Working on design doc. Added reflection section discussing which of the acceptance tests from our earlier report were implemented.","","Richard Vong","rvo16@uclive.ac.nz","#designdoc","No","2019-10-12","17:41","2019-10-12","18:52","1:11","1.1833333333333333"
"Team1","UOCNT","Working on our system User Manual.","","Richard Vong","rvo16@uclive.ac.nz","#testmanual","No","2019-10-12","19:05","2019-10-12","19:22","0:17","0.2833333333333333"
"Team1","UOCNT","Working on design doc - Re worded acceptance tests section","","Richard Vong","rvo16@uclive.ac.nz","#designdoc","No","2019-10-13","15:02","2019-10-13","15:18","0:16","0.26666666666666666"
"Team1","UOCNT","Discussion with team on what needs to be completed in design doc.","","Richard Vong","rvo16@uclive.ac.nz","#meeting","No","2019-10-13","15:18","2019-10-13","15:30","0:12","0.2"
"Team1","UOCNT","Reorganising trello board cards, allowing us to better see what tasks need to be completed.","","Richard Vong","rvo16@uclive.ac.nz","#other","No","2019-10-13","15:31","2019-10-13","15:45","0:14","0.23333333333333334"
"Team1","UOCNT","Working on design doc. Adding section numbers in change log for better navigation as per feedback in deliverable 2.","","Richard Vong","rvo16@uclive.ac.nz","#designdoc","No","2019-10-13","15:46","2019-10-13","16:13","0:27","0.45"
"Team1","UOCNT","Working on design doc. Updating deliverable 2 change log to include changes to the executive summary as per feedback.","","Richard Vong","rvo16@uclive.ac.nz","#designdoc","No","2019-10-13","16:21","2019-10-13","16:34","0:13","0.21666666666666667"
"Team1","UOCNT","Working on design doc. Adding section numbers to our deliverable 3 change log to allow better navigation to the changes.","","Richard Vong","rvo16@uclive.ac.nz","#designdoc","No","2019-10-13","16:42","2019-10-13","16:59","0:17","0.2833333333333333"
"Team1","UOCNT","Working on design doc. Adding section numbers to our deliverable 3 change log to allow better navigation to the changes.","","Richard Vong","rvo16@uclive.ac.nz","#designdoc","No","2019-10-13","23:55","2019-10-13","23:58","0:03","0.05"
"Team1","UOCNT","Working on design doc. Expanding on acceptance test section.","","Richard Vong","rvo16@uclive.ac.nz","#designdoc","No","2019-10-14","0:01","2019-10-14","0:21","0:20","0.3333333333333333"
"Team1","UOCNT","Working on design doc. Expanding on acceptance test section.","","Richard Vong","rvo16@uclive.ac.nz","#designdoc","No","2019-10-14","11:04","2019-10-14","11:55","0:51","0.85"
"Team1","UOCNT","Working on design doc. Expanding the group reflections section talking about the features we did not implement.","","Richard Vong","rvo16@uclive.ac.nz","#designdoc","No","2019-10-14","11:56","2019-10-14","12:22","0:26","0.43333333333333335"
"Team1","UOCNT","Working on design doc. Adding my personal reflections section.","","Richard Vong","rvo16@uclive.ac.nz","#document","No","2019-10-14","12:29","2019-10-14","12:48","0:19","0.31666666666666665"
"Team1","UOCNT","Working on design doc. Adding my personal reflections section.","","Richard Vong","rvo16@uclive.ac.nz","#document","No","2019-10-14","13:52","2019-10-14","15:04","1:12","1.2"
"Team1","UOCNT","Proof Reading through design doc. Removing highlighted text, comments and notes we used for constructing the document.","","Richard Vong","rvo16@uclive.ac.nz","#designdoc","No","2019-10-14","15:06","2019-10-14","15:37","0:31","0.5166666666666667"
"Team1","UOCNT","Working on design doc. Reformatting images to display correctly in the design doc. Added section breaks to various sections of design doc to separate different sections.","","Richard Vong","rvo16@uclive.ac.nz","#designdoc","No","2019-10-14","15:37","2019-10-14","15:59","0:22","0.36666666666666664"
"Team1","UOCNT","Working on design doc. Referring back to the previous version, added section discussing teams new system knowledge in section 7.2","","Richard Vong","rvo16@uclive.ac.nz","#designdoc","No","2019-10-14","15:59","2019-10-14","16:27","0:28","0.4666666666666667"
"Team1","UOCNT","Making my clockify report","","Richard Vong","rvo16@uclive.ac.nz","#other","No","2019-10-14","16:30","2019-10-14","16:34","0:04","0.06666666666666667"
