"Project","Client","Description","Task","User","Email","Tags","Billable","Start Date","Start Time","End Date","End Time","Duration (h)","Duration (decimal)"
"Team1","UOCNT","Lecture","","Euan Widjaja","ewi45@uclive.ac.nz","#class","No","2019-09-25","10:00","2019-09-25","11:00","1:00","1.0"
"Team1","UOCNT","Deliverable 2 Presentation","","Euan Widjaja","ewi45@uclive.ac.nz","#class","No","2019-09-26","17:00","2019-09-26","19:00","2:00","2.0"
"Team1","UOCNT","not necessarily related to seng project, just trying to download intellij ultimate on my device using the education license that uc has with jetbrains","","Euan Widjaja","ewi45@uclive.ac.nz","#other","No","2019-09-27","22:06","2019-09-27","22:36","0:30","0.5"
"Team1","UOCNT","research on good javadocs. will fix tomorrow.","","Euan Widjaja","ewi45@uclive.ac.nz","#other","No","2019-09-27","22:47","2019-09-27","22:50","0:03","0.05"
"Team1","UOCNT","Fixing javadoc error.","","Euan Widjaja","ewi45@uclive.ac.nz","#fix","No","2019-09-28","19:29","2019-09-28","19:46","0:17","0.2833333333333333"
"Team1","UOCNT","More javadoc to fix!","","Euan Widjaja","ewi45@uclive.ac.nz","#fix","No","2019-09-28","20:45","2019-09-28","21:02","0:17","0.2833333333333333"
"Team1","UOCNT","Was going to attempt alphabetising orders in order screen. Got a little bit mixed up with the different order displays as I was only familiar with the ImportController/GUIs. Thus it became a session of figuring out the web of order displays.","","Euan Widjaja","ewi45@uclive.ac.nz","#other","No","2019-09-30","22:25","2019-09-30","23:10","0:45","0.75"
"Team1","UOCNT","Drew GUI template for possible 'Review Changes' window, which would be a pop-up window evoked when say a value of attribute in XML file is different from present value of that attribute in database. Will consult team first, but this is good GUI practise for me as I had been wanting to jump into GUI for awhile now.","","Euan Widjaja","ewi45@uclive.ac.nz","#implement, #other","No","2019-09-30","23:10","2019-09-30","23:29","0:19","0.31666666666666665"
"Team1","UOCNT","Worked on ImportChangesDisplay, which would be a pop up window that would exhibit the changes present in the attributes from the XML file. The window essentially lets users choose between overwriting and ignoring changes for uploaded files. Made a GUI window for it, will work on functionality later.","","Euan Widjaja","ewi45@uclive.ac.nz","#other","No","2019-10-01","14:21","2019-10-01","14:50","0:29","0.48333333333333334"
"Team1","UOCNT","Group meeting","","Euan Widjaja","ewi45@uclive.ac.nz","#meeting","No","2019-10-01","15:00","2019-10-01","16:00","1:00","1.0"
"Team1","UOCNT","Class","","Euan Widjaja","ewi45@uclive.ac.nz","#class","No","2019-10-02","9:58","2019-10-02","11:00","1:02","1.0333333333333334"
"Team1","UOCNT","Working on ability to scroll ImportChangesDisplay, realised might need to alter functionality on storage class for update of specific item(?) because of possible complexity (might need to reconsider this functionality/talk to Jack).","","Euan Widjaja","ewi45@uclive.ac.nz","#implement","No","2019-10-02","13:04","2019-10-02","14:02","0:58","0.9666666666666667"
"Team1","UOCNT","Team Consultation","","Euan Widjaja","ewi45@uclive.ac.nz","#class","No","2019-10-02","15:00","2019-10-02","15:30","0:30","0.5"
"Team1","UOCNT","Set the ImportChangesDisplay function aside as team consultation made us realise that prioritising and improving our already present functionalities should be key for deliverable #3. Started rewriting DataHandlingSteps. Commented out a bunch of our previous placeholder and already implemented tests as they were irrelevant, and did not suit the black box testing aspect of acceptance testing. Planned to write several tests that are user-friendly, i.e. user uploads data and wants to see what burger calories is. Have started on 1 test case associated with a FoodItem's cost. Chose to do this first as I figured figuring out how to calculate a BigMoney cost with the FoodItem float cost value from the feature file would be a challenge. Will continue later tonight.","","Euan Widjaja","ewi45@uclive.ac.nz","#test","No","2019-10-02","16:08","2019-10-02","16:52","0:44","0.7333333333333333"
"Team1","UOCNT","Added a usable datahandling acceptance test case that (not) simply checks the price of a tofu burger. Code a little bit ugly, as database storage stores FoodItem cost as a BigMoney object and had to convert an int into string and concat that into a BigMoney with an ''NZD '' in the start, then parse that into a BigMoney. Not sure if there are other ways to do calculation with BigMoney. Will make code neater tomorrow, but this was the one testing aspect that was a challenge (because of BigMoney) and with this aside, other acceptance tests can be written in a breeze (hopefully amen).","","Euan Widjaja","ewi45@uclive.ac.nz","#test","No","2019-10-02","23:03","2019-10-03","0:30","1:27","1.45"
"Team1","UOCNT","Lab on Unit Testing/TDD","","Euan Widjaja","ewi45@uclive.ac.nz","#class","No","2019-10-04","11:00","2019-10-04","12:45","1:45","1.75"
"Team1","UOCNT","Simplifying acceptance tests","","Euan Widjaja","ewi45@uclive.ac.nz","#refactor","No","2019-10-04","12:45","2019-10-04","13:00","0:15","0.25"
"Team1","UOCNT","Worked with Jack to refactor DataHandlingSteps to tidy up code and reduce number of conversions that cost has to go through using BigMoney.compareTo() instead of BigMoney.equals() to avoid scale issues. An improvement from previously, where instantiating Strings whilst converting int to string to bigmoney was a hassle and dirty.","","Euan Widjaja","ewi45@uclive.ac.nz","#refactor","No","2019-10-04","17:02","2019-10-04","17:20","0:18","0.3"
"Team1","UOCNT","Added and implemented four acceptance tests scenarios for data handling (DataHandlingSteps): Two cost updates, update discount cost, and user adding new FoodItem to database. Acceptance tests were designed to support user input. Threw cucumber PendingExceptions where valid, and will add more of them in later. Renamed some variables from previous code to maintain consistency. Removed commented out code as do not need them for reference anymore.","","Euan Widjaja","ewi45@uclive.ac.nz","#test","No","2019-10-05","20:35","2019-10-05","23:19","2:44","2.7333333333333334"
"Team1","UOCNT","Added error catching for several methods incl. methods with assertEquals/AssertionError and IllegalArgumentException. Modified its error messages so it erroneous process is clearly described, especially when creating a new FoodItem object, uses iae.getMessage() so that it displays exactly what its error (either if its item code formatting or item name formatting).","","Euan Widjaja","ewi45@uclive.ac.nz","#test","No","2019-10-05","23:50","2019-10-06","0:14","0:24","0.4"
"Team1","UOCNT","Added a DataHandling acceptance test scenario where user deletes food item from the db storage. Includes error handling with a message for each step.","","Euan Widjaja","ewi45@uclive.ac.nz","#test","No","2019-10-06","0:16","2019-10-06","0:35","0:19","0.31666666666666665"
"Team1","UOCNT","Checking out something wrong with NotImplementedException and explained Richard the 'user-oriented' nature of cucumber/gherkin tests","","Euan Widjaja","ewi45@uclive.ac.nz","#fix","No","2019-10-07","14:55","2019-10-07","15:00","0:05","0.08333333333333333"
"Team1","UOCNT","Attempt to add recipe to XML","","Euan Widjaja","ewi45@uclive.ac.nz","#implement","No","2019-10-07","21:57","2019-10-07","22:28","0:31","0.5166666666666667"
"Team1","UOCNT","Adding recipe to XML, looking into using inner elements for Recipe object in XML file. Was going to instead use .split() but seems ugly to meee. Also looked into the real purpose of #PCDATA in DTD. Debating whether or not to have cost on Recipe XML, while consult team. Aware that this will screw up FoodItemHandlerTest/UploadHandlerTest so will not commit for the time being. Maybe get rid of <recipe> and instead just have <ingredient> and <addableIngredient> because having nested, nested Element is ugly.","","Euan Widjaja","ewi45@uclive.ac.nz","#implement","No","2019-10-07","22:33","2019-10-07","23:40","1:07","1.1166666666666667"
"Team1","UOCNT","Weekly reflection","","Euan Widjaja","ewi45@uclive.ac.nz","#other","No","2019-10-08","1:08","2019-10-08","1:28","0:20","0.3333333333333333"
"Team1","UOCNT","Peer prog with Jack. Try with resources is interesting, writing getAllOrders, how OrderDAOTest works, whole DB setup, what JDBCStorage does, ResultSets. COMMIT: 43c011ad","","Euan Widjaja","ewi45@uclive.ac.nz","#implement","No","2019-10-08","13:28","2019-10-08","14:14","0:46","0.7666666666666667"
"Team1","UOCNT","Peer programming with Jack and David, going through readOrder functionality and just general understanding for me, generally how reading data works, why we do it, etc. I realise now that this class works similarly to the XML parsers/handlers as it essentially extracts data we want (Like attributes of a FoodItem) with a different syntax and utilises some functionality to create a FoodItem object.","","Euan Widjaja","ewi45@uclive.ac.nz","#infrastructure","No","2019-10-08","14:14","2019-10-08","14:48","0:34","0.5666666666666667"
"Team1","UOCNT","Group meetup","","Euan Widjaja","ewi45@uclive.ac.nz","#meeting","No","2019-10-08","15:00","2019-10-08","16:00","1:00","1.0"
"Team1","UOCNT","Made recipe optional in dtd for xml. Attributes of recipe is now parsable in FoodItemHandler but assignment to recipe class does not seem to work, something is wrong with Recipe class and will ask Phillip and Jack about Recipe people in the labs.","","Euan Widjaja","ewi45@uclive.ac.nz","#implement","No","2019-10-09","14:10","2019-10-09","14:58","0:48","0.8"
"Team1","UOCNT","Successfully integrated Recipe in XML. Recipe class had a feature that needed to be refactored that made it unable to assign its values from the XML parser (ingredients, addableIngredients), but fixed this alongside Jack and Phillip. Modularised parsers of ingredients and addableIngredients into one function to reduce smelly, duplicate code. Had some problem with the ingredients and addableIngredients attribute after assigning it to Recipe, since somehow each FoodItem ended up with the same reference to an empty Recipe, fixed this with Jack (tutor) because both ingredients somehow point to the same ingredients set (?) and cleared both ingredients and addableIngredients list which erases everything. Have not pushed since this will cause error pipelines if I push, but will Push after altering FoodItemHandler UploadHandler tests.","","Euan Widjaja","ewi45@uclive.ac.nz","#implement","No","2019-10-09","15:05","2019-10-09","17:00","1:55","1.9166666666666667"
"Team1","UOCNT","UnMade recipe optional in dtd for xml because screws up code. Added a <recipe> tag for every fooditemXML. This fixes the FoodItemHandler tests error stuffPushed commit.","","Euan Widjaja","ewi45@uclive.ac.nz","#refactor","No","2019-10-09","17:00","2019-10-09","17:22","0:22","0.36666666666666664"
"Team1","UOCNT","add cucumber feature acceptance test where xml file is invalid and valid. will continue later.","","Euan Widjaja","ewi45@uclive.ac.nz","#test","No","2019-10-10","12:28","2019-10-10","12:53","0:25","0.4166666666666667"
"Team1","UOCNT","Refactored acceptance test to check valid XML. Now only checks valid xml and invalid xml left out for error checking. Using Path.getPath('''') to figure out if directory is a valid directory. Also altered error catching so that it instead uses system.err.println. Realised that this does not fit with cucmber.api.pendingexception so keep using error.getMessage().","","Euan Widjaja","ewi45@uclive.ac.nz","#test","No","2019-10-10","14:43","2019-10-10","15:14","0:31","0.5166666666666667"
"Team1","UOCNT","Attempt to fix parseInput() test that was complicated by decision to find dtd directory in handlers instead of having DTD referenced by XML file. Realised this test was just unnecessary and just irrelevant, so decided to remove test as it really did not need to be tested because of its simple functionality. (THIS WAS on @Ignored before so it was not even used).","","Euan Widjaja","ewi45@uclive.ac.nz","#refactor","No","2019-10-10","17:13","2019-10-10","17:26","0:13","0.21666666666666667"
"Team1","UOCNT","Working on implementing importChangesDisplay GUI and linking functionalities. Writing a method inside UploadHandler to check if there is a FoodItem with different value in storage, this is for the decision to replace or not replace value in GUI.","","Euan Widjaja","ewi45@uclive.ac.nz","#implement","No","2019-10-10","17:31","2019-10-10","18:33","1:02","1.0333333333333334"
"Team1","UOCNT","Peer programming with Richard on FoodItemHandler and XMLs, ran through how the Recipe parsing works inside the FoodItemHandler (so that Richard can refactor the Recipe parser using the RecipeBuilder class written by Jack which lets you create an ingredient object easily without having to create them manually from the FoodItemHandler), and teaching Richard XML parsing on his own by having him modify the RecipeBuilder parsing section since the Recipe parsing is very similar to the FoodItem parsing and RecipeBuilder is simple to use. Using RecipeBuilder simplifies stinky code.","","Euan Widjaja","ewi45@uclive.ac.nz","#refactor","No","2019-10-10","18:36","2019-10-10","20:12","1:36","1.6"
"Team1","UOCNT","Working on implementing functionalities of ImportChangesDisplay GUI. After discussing with Jack, , ImportChangesDisplay will only only have a yes/no button, with yes being import XML and overwrite values and no being import and keep old values (dropped the feature of the window displaying actual changes (due to time constraints)). Refactored UploadHandler to involve three functions in FoodItem parsing and instead of a single uploadFoodItems function, now it is separated into three function stages: parseFoodItems, which parses xml file; checkUploadedFoodItemInStorage, checks if uploaded fooditem is in storage; and uploadFoodItems which uploads the food items with the additional 'overwrite' parameter (if overwrite is true then overwrite FoodItem's value with XML value, otherwise don't).","","Euan Widjaja","ewi45@uclive.ac.nz","#refactor","No","2019-10-11","10:56","2019-10-11","12:14","1:18","1.3"
"Team1","UOCNT","Modifying ImportChangesDisplay GUI with updated and stripped down functionality. Created ImportDisplayController and implemented its functions for the overwrite data functionality.Sought help from tutor on linking the ImportController and the ImportChangesController.","","Euan Widjaja","ewi45@uclive.ac.nz","#implement","No","2019-10-11","12:14","2019-10-11","13:13","0:59","0.9833333333333333"
"Team1","UOCNT","Implemented the variable assignment and pop up feature of the ImportChangesDisplay screen with Marie's help. Noticed something off with the functionalities of the methods used as ignoring changes doesn't increase stock count. Will fix this.","","Euan Widjaja","ewi45@uclive.ac.nz","#implement","No","2019-10-12","13:31","2019-10-12","14:03","0:32","0.5333333333333333"
"Team1","UOCNT","Implemented functions inside the importChangesController pop up with Marie and it is now functional (linked ImportController and ImportChangesController). Realised that something was buggy with previous UploadHandler functions, so factored UploadHandler's functions, parseFoodItems, checkIfModified, uploadFoodItems. Previous commit was buggy because did not consider the case of overwriting food items with a new food item and variable names were also confusing so renamed few.     Added a new XML file to test duplicate food items with different values. Removed Supplier comments in UploadHandler.","","Euan Widjaja","ewi45@uclive.ac.nz","#fix","No","2019-10-12","14:18","2019-10-12","16:30","2:12","2.2"
"Team1","UOCNT","peer programmed with Jack to create an acceptance test for Kitchen. Initially, scenario was tested within orderSteps, but decided that it was more suitable for the kitchen feature.","","Euan Widjaja","ewi45@uclive.ac.nz","#test","No","2019-10-12","16:29","2019-10-12","17:31","1:02","1.0333333333333334"
"Team1","UOCNT","Updating JUnit test of UploadHandler to accommodate changes to method structure. Remove stock testing in UploadHandlerTest.","","Euan Widjaja","ewi45@uclive.ac.nz","#test","No","2019-10-12","19:39","2019-10-12","20:16","0:37","0.6166666666666667"
"Team1","UOCNT","Writing JavaDoc for updated UploadHandler functions. And adding more acceptance tests associated with DataHandling.","","Euan Widjaja","ewi45@uclive.ac.nz","#infrastructure","No","2019-10-12","20:16","2019-10-12","20:50","0:34","0.5666666666666667"
"Team1","UOCNT","Added an acceptance test feature for when a user adds an ingredient to an existing recipe. Found out that modifying ingredients through the RecipeBuilder class does not add the ingredient itself to the JDBCStorage, will consult Jack about this tomorrow. At the moment, acceptance test manually adds it to the database, but this is simply a placebo fix. Additionally deprecated the SupplierHandler and the MenuHandler classes.","","Euan Widjaja","ewi45@uclive.ac.nz","#test","No","2019-10-12","21:16","2019-10-12","22:41","1:25","1.4166666666666667"
"Team1","UOCNT","Javadocing the ImportChangesController and commenting out unnecessary code.","","Euan Widjaja","ewi45@uclive.ac.nz","#infrastructure","No","2019-10-13","11:01","2019-10-13","11:27","0:26","0.43333333333333335"
"Team1","UOCNT","Modified ImportChangesDisplay to show display changes description nicely. Figured out how to do newline in labels as well and realised how bad I was at reading instructions from stack overflow. Also modified the button layouts so that it doesn't look kooky. Description is now not initialised in ImportChangesController, rather it is directly placed in the fxml.","","Euan Widjaja","ewi45@uclive.ac.nz","#implement","No","2019-10-13","12:05","2019-10-13","12:44","0:39","0.65"
"Team1","UOCNT","Added units function is DataHandlingSteps to avoid duplicate code.","","Euan Widjaja","ewi45@uclive.ac.nz","#refactor","No","2019-10-13","12:53","2019-10-13","13:00","0:07","0.11666666666666667"
"Team1","UOCNT","Refactored (more like fixing) acceptance test with Jack so that it actually updates the FoodItem with modified recipe in the database. Also deleted the @And test where it checks the amount of food items in storage, instead directly checks if added food item is present in storage. This acceptance test is not a current functionality in our app, but it is a functionality that we wish to have if time constraints was not looming around.","","Euan Widjaja","ewi45@uclive.ac.nz","#test","No","2019-10-13","13:08","2019-10-13","14:01","0:53","0.8833333333333333"
"Team1","UOCNT","Updating UML based on changes made","","Euan Widjaja","ewi45@uclive.ac.nz","#designdoc","No","2019-10-13","14:44","2019-10-13","14:58","0:14","0.23333333333333334"
"Team1","UOCNT","Writing design doc section on reflections and changes made in DataHandling acceptance tests.","","Euan Widjaja","ewi45@uclive.ac.nz","#designdoc","No","2019-10-13","15:30","2019-10-13","16:30","1:00","1.0"
"Team1","UOCNT","Writing design doc section on reflections and changes made in DataHandling acceptance tests.","","Euan Widjaja","ewi45@uclive.ac.nz","#designdoc","No","2019-10-13","20:02","2019-10-13","20:23","0:21","0.35"
"Team1","UOCNT","Writing design doc section on reflections and changes made in DataHandling acceptance tests.","","Euan Widjaja","ewi45@uclive.ac.nz","#designdoc","No","2019-10-13","20:36","2019-10-13","21:49","1:13","1.2166666666666666"
"Team1","UOCNT","Adding two acceptance tests as a result of reviewing pre-written acceptance tests. Had trouble implementing the acceptance tests but will discuss issue in the morrow.","","Euan Widjaja","ewi45@uclive.ac.nz","#test","No","2019-10-13","22:39","2019-10-13","23:13","0:34","0.5666666666666667"
"Team1","UOCNT","Pointed out the trouble I had with implementing an acceptance test involving removal of an ingredient from a Recipe to Jack and found an underlying bug in the Recipe class where removing an ingredient uses '==' to check for string equality, as it should instead use the 'equals' method.","","Euan Widjaja","ewi45@uclive.ac.nz","#fix","No","2019-10-14","11:06","2019-10-14","11:35","0:29","0.48333333333333334"
"Team1","UOCNT","Implementing acceptance test asscoiateed with removal of ingredient in a food item after fix","","Euan Widjaja","ewi45@uclive.ac.nz","#test","No","2019-10-14","11:34","2019-10-14","12:50","1:16","1.2666666666666666"
"Team1","UOCNT","Coverage report for deliverable 3 and modified acceptance tests discussion on the design doc.","","Euan Widjaja","ewi45@uclive.ac.nz","#designdoc","No","2019-10-14","12:58","2019-10-14","15:07","2:09","2.15"
"Team1","UOCNT","Deliverable 3 changelog","","Euan Widjaja","ewi45@uclive.ac.nz","#designdoc","No","2019-10-14","15:06","2019-10-14","15:16","0:10","0.16666666666666666"
"Team1","UOCNT","personas and how demographic of personas affected the candidates for usability testing","","Euan Widjaja","ewi45@uclive.ac.nz","#designdoc","No","2019-10-14","15:15","2019-10-14","15:52","0:37","0.6166666666666667"
"Team1","UOCNT","Personal reflections and describing changes made with XML parsing (Recipe) and the pop up window functionality to overwrite data in the design doc","","Euan Widjaja","ewi45@uclive.ac.nz","#designdoc","No","2019-10-14","15:52","2019-10-14","16:42","0:50","0.8333333333333334"
