"Project","Client","Description","Task","User","Email","Tags","Billable","Start Date","Start Time","End Date","End Time","Duration (h)","Duration (decimal)"
"Team1","UOCNT","Lecture #3 Term 4","","David Turton","djt112@uclive.ac.nz","#class","No","2019-09-25","10:00","2019-09-25","11:00","1:00","1.0"
"Team1","UOCNT","Preparing for the presentation","","David Turton","djt112@uclive.ac.nz","#document","No","2019-09-25","12:30","2019-09-25","13:15","0:45","0.75"
"Team1","UOCNT","Deliverable 2 Presentation","","David Turton","djt112@uclive.ac.nz","#class","No","2019-09-25","15:00","2019-09-25","17:00","2:00","2.0"
"Team1","UOCNT","Watching peoples presentaitons","","David Turton","djt112@uclive.ac.nz","#class","No","2019-09-27","11:00","2019-09-27","13:00","2:00","2.0"
"Team1","UOCNT","Helping Euan design the ''review changes'' GUI window","","David Turton","djt112@uclive.ac.nz","#implement","No","2019-10-01","14:22","2019-10-01","14:49","0:27","0.45"
"Team1","UOCNT","Group meeting, discussing deliverable #3 priorities","","David Turton","djt112@uclive.ac.nz","#meeting","No","2019-10-01","15:00","2019-10-01","16:00","1:00","1.0"
"Team1","UOCNT","Lecture #4 Term 4","","David Turton","djt112@uclive.ac.nz","#class","No","2019-10-02","10:00","2019-10-02","11:00","1:00","1.0"
"Team1","UOCNT","Talking to teaching staff about current state of the system and asking questions etc","","David Turton","djt112@uclive.ac.nz","#class","No","2019-10-02","15:00","2019-10-02","15:30","0:30","0.5"
"Team1","UOCNT","Working through the program and trello board identifying mistakes.","","David Turton","djt112@uclive.ac.nz","#fix","No","2019-10-02","15:30","2019-10-02","17:00","1:30","1.5"
"Team1","UOCNT","Worked through the Unit test lab","","David Turton","djt112@uclive.ac.nz","#class","No","2019-10-04","11:00","2019-10-04","13:00","2:00","2.0"
"Team1","UOCNT","Read through the feedback for deliverable two and noted down things that need to be changed or worked on before the final deliverable.","","David Turton","djt112@uclive.ac.nz","#document","No","2019-10-06","12:00","2019-10-06","12:30","0:30","0.5"
"Team1","UOCNT","Correcting mistakes in the design doc identified in the feedback for deliverable 2. (Risk consideration in executive summary, relating functional requirements to feature packages and use cases.)","","David Turton","djt112@uclive.ac.nz","#designdoc","No","2019-10-06","18:39","2019-10-06","19:37","0:58","0.9666666666666667"
"Team1","UOCNT","Reordering changelog based on where they appear in the documentation, reordering manual tests based on use cases.","","David Turton","djt112@uclive.ac.nz","#designdoc","No","2019-10-06","19:45","2019-10-06","20:00","0:15","0.25"
"Team1","UOCNT","Writing up questions and discussion points for the meeting on tuesday.","","David Turton","djt112@uclive.ac.nz","#document","No","2019-10-06","20:06","2019-10-06","20:13","0:07","0.11666666666666667"
"Team1","UOCNT","Wrote up a paragraph describing what aspects of the system were tested within the functional testing section and which weren't and why. Added a paragraph on our development of test classes.","","David Turton","djt112@uclive.ac.nz","#designdoc","No","2019-10-06","20:18","2019-10-06","20:34","0:16","0.26666666666666666"
"Team1","UOCNT","Added a short paragraph on how often we performed manual testing and how this impacted our developmental decisions.","","David Turton","djt112@uclive.ac.nz","#designdoc","No","2019-10-06","20:50","2019-10-06","20:56","0:06","0.1"
"Team1","UOCNT","Reformatted some of the changes I made to the document and read through the deliverable feedback to make sure my changes addressed the correct criticisms.","","David Turton","djt112@uclive.ac.nz","#designdoc","No","2019-10-06","20:59","2019-10-06","21:07","0:08","0.13333333333333333"
"Team1","UOCNT","Filled in the weekly feedback","","David Turton","djt112@uclive.ac.nz","#document","No","2019-10-07","8:58","2019-10-07","9:02","0:04","0.06666666666666667"
"Team1","UOCNT","Corrected an unfinished sentence in the design doc.","","David Turton","djt112@uclive.ac.nz","#designdoc","No","2019-10-07","9:02","2019-10-07","9:05","0:03","0.05"
"Team1","UOCNT","Peer programming with Euan and Jack, working on the database system and understanding the different functions it uses and the decisions made when designing it.","","David Turton","djt112@uclive.ac.nz","#infrastructure","No","2019-10-08","14:07","2019-10-08","14:47","0:40","0.6666666666666666"
"Team1","UOCNT","Group meeting, organizing goals and final aspects of the system.","","David Turton","djt112@uclive.ac.nz","#meeting","No","2019-10-08","15:00","2019-10-08","16:00","1:00","1.0"
"Team1","UOCNT","Changed some stuff in the design doc, wrote outline on slack for what needs to be done as a group for the design doc final submission.","","David Turton","djt112@uclive.ac.nz","#designdoc","No","2019-10-08","20:30","2019-10-08","21:00","0:30","0.5"
"Team1","UOCNT","Read up on lecture notes and what would need to be done for the final submission, added relevant outlines to the doc and put a task on trello.","","David Turton","djt112@uclive.ac.nz","#document","No","2019-10-08","21:00","2019-10-08","21:08","0:08","0.13333333333333333"
"Team1","UOCNT","Attended the drop in lecture.","","David Turton","djt112@uclive.ac.nz","#class","No","2019-10-09","10:00","2019-10-09","10:40","0:40","0.6666666666666666"
"Team1","UOCNT","Working on design doc, changing some descriptions of functional requirements, noting questions for other members.","","David Turton","djt112@uclive.ac.nz","#designdoc","No","2019-10-09","11:04","2019-10-09","11:19","0:15","0.25"
"Team1","UOCNT","Peer programming with Jack, working on stock count, modifying functions in the kitchen class.","","David Turton","djt112@uclive.ac.nz","#implement","No","2019-10-09","11:21","2019-10-09","12:05","0:44","0.7333333333333333"
"Team1","UOCNT","Working on tests for the modified kitchen class.","","David Turton","djt112@uclive.ac.nz","#implement","No","2019-10-09","12:05","2019-10-09","12:30","0:25","0.4166666666666667"
"Team1","UOCNT","Working with Jack and Phillip on using the Kitchen class in orders.","","David Turton","djt112@uclive.ac.nz","#implement","No","2019-10-09","12:30","2019-10-09","12:45","0:15","0.25"
"Team1","UOCNT","Working on tests for the modified kitchen class.","","David Turton","djt112@uclive.ac.nz","#implement","No","2019-10-09","12:45","2019-10-09","13:16","0:31","0.5166666666666667"
"Team1","UOCNT","Added some new tests to the kitchen test class, based on what happens when you recursively update ingredients.","","David Turton","djt112@uclive.ac.nz","#test","No","2019-10-09","13:17","2019-10-09","13:50","0:33","0.55"
"Team1","UOCNT","Worked on the tests for the kitchen class.","","David Turton","djt112@uclive.ac.nz","#test","No","2019-10-09","15:00","2019-10-09","15:42","0:42","0.7"
"Team1","UOCNT","Working with Jack and tutor-Jack to identify issues in our Kitchen class and it's usage of our database system.","","David Turton","djt112@uclive.ac.nz","#infrastructure","No","2019-10-09","15:42","2019-10-09","16:30","0:48","0.8"
"Team1","UOCNT","Helped Richard with the order class and looked over how to further separate tests in the kitchen test class.","","David Turton","djt112@uclive.ac.nz","#implement","No","2019-10-09","16:30","2019-10-09","16:47","0:17","0.2833333333333333"
"Team1","UOCNT","Finishing the tests for the kitchen class, discussing trello and future plans with Richard.","","David Turton","djt112@uclive.ac.nz","#test","No","2019-10-10","13:52","2019-10-10","14:12","0:20","0.3333333333333333"
"Team1","UOCNT","Updated functional requirement descriptions","","David Turton","djt112@uclive.ac.nz","#designdoc","No","2019-10-10","14:15","2019-10-10","14:28","0:13","0.21666666666666667"
"Team1","UOCNT","Working on the user manual with Phillip, giving Richard advice on what to change in the design doc.","","David Turton","djt112@uclive.ac.nz","#document","No","2019-10-11","10:55","2019-10-11","11:35","0:40","0.6666666666666666"
"Team1","UOCNT","Discussing the fooditem recipe recursion issue with Jack and how he changed the system to avoid it.","","David Turton","djt112@uclive.ac.nz","#meeting","No","2019-10-11","11:35","2019-10-11","11:42","0:07","0.11666666666666667"
"Team1","UOCNT","Working on user manual.","","David Turton","djt112@uclive.ac.nz","#document","No","2019-10-11","11:42","2019-10-11","11:59","0:17","0.2833333333333333"
"Team1","UOCNT","Attempting to replicate an error with the database. Deleting items and then trying to relaunch the program gives an error.","","David Turton","djt112@uclive.ac.nz","#testmanual","No","2019-10-11","11:59","2019-10-11","12:05","0:06","0.1"
"Team1","UOCNT","Identified error where deleting an ingredient contained in the recipe for another item breaks the program and forces the user to delete the database before they can relaunch.","","David Turton","djt112@uclive.ac.nz","#testmanual","No","2019-10-11","12:05","2019-10-11","12:14","0:09","0.15"
"Team1","UOCNT","Working on the User Manual.","","David Turton","djt112@uclive.ac.nz","#document","No","2019-10-11","12:14","2019-10-11","12:20","0:06","0.1"
"Team1","UOCNT","Helping Richard with acceptance tests for orders and going over what would be able to be tested within the acceptance tests and what would be exclusively part of the GUI.","","David Turton","djt112@uclive.ac.nz","#test","No","2019-10-11","12:20","2019-10-11","12:41","0:21","0.35"
"Team1","UOCNT","Working on the user manual.","","David Turton","djt112@uclive.ac.nz","#document","No","2019-10-11","12:41","2019-10-11","13:00","0:19","0.31666666666666665"
"Team1","UOCNT","Writing up the user manual and identifying issues in the deletion/recipe system","","David Turton","djt112@uclive.ac.nz","#testmanual","No","2019-10-12","13:15","2019-10-12","13:44","0:29","0.48333333333333334"
"Team1","UOCNT","Talked about quality requirements in the design doc and modified some of the explanations in the user manual.","","David Turton","djt112@uclive.ac.nz","#designdoc","No","2019-10-12","13:44","2019-10-12","14:13","0:29","0.48333333333333334"
"Team1","UOCNT","Manual GUI testing","","David Turton","djt112@uclive.ac.nz","#testmanual","No","2019-10-12","15:15","2019-10-12","15:28","0:13","0.21666666666666667"
"Team1","UOCNT","Looked over gui and changed the name of an area.","","David Turton","djt112@uclive.ac.nz","#refactor","No","2019-10-12","15:28","2019-10-12","15:30","0:02","0.03333333333333333"
"Team1","UOCNT","Modifying design doc and discussing bugs in the program.","","David Turton","djt112@uclive.ac.nz","#designdoc","No","2019-10-12","15:30","2019-10-12","15:50","0:20","0.3333333333333333"
"Team1","UOCNT","Added justifications and reflections on missed features.","","David Turton","djt112@uclive.ac.nz","#designdoc","No","2019-10-12","15:50","2019-10-12","16:36","0:46","0.7666666666666667"
"Team1","UOCNT","Adding use cases for functional requirements #20 and #21","","David Turton","djt112@uclive.ac.nz","#designdoc","No","2019-10-12","16:43","2019-10-12","16:53","0:10","0.16666666666666666"
"Team1","UOCNT","Added more information on missed features.","","David Turton","djt112@uclive.ac.nz","#designdoc","No","2019-10-12","16:54","2019-10-12","16:59","0:05","0.08333333333333333"
"Team1","UOCNT","Looking over final changes for design doc and what still needs to be done.","","David Turton","djt112@uclive.ac.nz","#designdoc","No","2019-10-12","16:59","2019-10-12","17:10","0:11","0.18333333333333332"
"Team1","UOCNT","Added section to doc talking about the missed deadlines and milestones for deliverable 2.","","David Turton","djt112@uclive.ac.nz","#designdoc","No","2019-10-13","12:59","2019-10-13","13:16","0:17","0.2833333333333333"
"Team1","UOCNT","Added new manual tests to test the analysis and recipe modification screens.","","David Turton","djt112@uclive.ac.nz","#designdoc","No","2019-10-13","13:16","2019-10-13","13:35","0:19","0.31666666666666665"
"Team1","UOCNT","Discussing missed deadlines and how theyre explained in the doc with Jack.","","David Turton","djt112@uclive.ac.nz","#designdoc","No","2019-10-13","13:35","2019-10-13","13:52","0:17","0.2833333333333333"
"Team1","UOCNT","Manual error testing","","David Turton","djt112@uclive.ac.nz","#testmanual","No","2019-10-13","14:00","2019-10-13","14:15","0:15","0.25"
"Team1","UOCNT","Manually testing the program for errors","","David Turton","djt112@uclive.ac.nz","#testmanual","No","2019-10-13","14:30","2019-10-13","14:50","0:20","0.3333333333333333"
"Team1","UOCNT","Ran through design doc and changes that needed to be made on trello and changed small parts of the doc.","","David Turton","djt112@uclive.ac.nz","#designdoc","No","2019-10-13","14:55","2019-10-13","15:20","0:25","0.4166666666666667"
"Team1","UOCNT","Changed some stuff in the design doc and talked to Richard and Euan about what needs to be done","","David Turton","djt112@uclive.ac.nz","#designdoc","No","2019-10-13","15:35","2019-10-13","15:40","0:05","0.08333333333333333"
"Team1","UOCNT","Changed some stuff with the quality requirements section in the design doc, dividing into sections and adding small bits of text.","","David Turton","djt112@uclive.ac.nz","#designdoc","No","2019-10-13","15:55","2019-10-13","16:10","0:15","0.25"
"Team1","UOCNT","Reorganized the table displaying everyone's knowledge of the system","","David Turton","djt112@uclive.ac.nz","#designdoc","No","2019-10-13","16:30","2019-10-13","16:43","0:13","0.21666666666666667"
"Team1","UOCNT","Talked about personas in our usability testing section.","","David Turton","djt112@uclive.ac.nz","#designdoc","No","2019-10-13","16:43","2019-10-13","16:52","0:09","0.15"
"Team1","UOCNT","Ran my parents through the program to see how easy it was to understand and wrote down the results in the usability section.","","David Turton","djt112@uclive.ac.nz","#designdoc","No","2019-10-13","20:15","2019-10-13","21:11","0:56","0.9333333333333333"
"Team1","UOCNT","Checking if a bug had been correctly fixed on my system.","","David Turton","djt112@uclive.ac.nz","#testmanual","No","2019-10-13","21:45","2019-10-13","21:50","0:05","0.08333333333333333"
"Team1","UOCNT","Filled in weekly feedback.","","David Turton","djt112@uclive.ac.nz","#document","No","2019-10-14","8:48","2019-10-14","8:53","0:05","0.08333333333333333"
"Team1","UOCNT","Reading through the lecture notes to see if we were missing anything that needed to be submitted for the final deliverable.","","David Turton","djt112@uclive.ac.nz","#other","No","2019-10-14","12:24","2019-10-14","12:35","0:11","0.18333333333333332"
"Team1","UOCNT","Added some comments on the features we missed in deliverable 2 and why there are new features in deliverable 3.","","David Turton","djt112@uclive.ac.nz","#designdoc","No","2019-10-14","12:35","2019-10-14","12:50","0:15","0.25"
"Team1","UOCNT","Revising the section in the design doc about feedback from deliverable 2, talking to Jack about the ''Deliverable 3 features'' part of the doc","","David Turton","djt112@uclive.ac.nz","#designdoc","No","2019-10-14","12:53","2019-10-14","13:17","0:24","0.4"
"Team1","UOCNT","Discussing the new features we implemented and their purpose within the system.","","David Turton","djt112@uclive.ac.nz","#designdoc","No","2019-10-14","13:17","2019-10-14","13:40","0:23","0.38333333333333336"
"Team1","UOCNT","Changing the changelog to reflect the modified reflections/deliverable 3 features sectoin","","David Turton","djt112@uclive.ac.nz","#designdoc","No","2019-10-14","13:40","2019-10-14","13:46","0:06","0.1"
"Team1","UOCNT","Changed the team competencies table to reflect changes to peoples knowledge of the system.","","David Turton","djt112@uclive.ac.nz","#designdoc","No","2019-10-14","13:46","2019-10-14","14:01","0:15","0.25"
"Team1","UOCNT","Wrote up my individual reflection on what I learned from the course.","","David Turton","djt112@uclive.ac.nz","#designdoc","No","2019-10-14","14:01","2019-10-14","14:17","0:16","0.26666666666666666"
"Team1","UOCNT","Started the writeup on the unused code in the repo","","David Turton","djt112@uclive.ac.nz","#designdoc","No","2019-10-14","14:17","2019-10-14","14:27","0:10","0.16666666666666666"
"Team1","UOCNT","Finished the section about unused code in the repo and why it was unused.","","David Turton","djt112@uclive.ac.nz","#designdoc","No","2019-10-14","14:57","2019-10-14","15:19","0:22","0.36666666666666664"
"Team1","UOCNT","Read through and updated the user manual.","","David Turton","djt112@uclive.ac.nz","#document","No","2019-10-14","15:18","2019-10-14","15:32","0:14","0.23333333333333334"
"Team1","UOCNT","Read through the entire doc and performed spelling/error checking, changed some descriptions and discussed final parts of the submission with group members.","","David Turton","djt112@uclive.ac.nz","#designdoc","No","2019-10-14","15:32","2019-10-14","16:24","0:52","0.8666666666666667"
"Team1","UOCNT","Final discussion/evaluation.","","David Turton","djt112@uclive.ac.nz","#designdoc","No","2019-10-14","16:24","2019-10-14","16:34","0:10","0.16666666666666666"
