"Project","Client","Description","Task","User","Email","Tags","Billable","Start Date","Start Time","End Date","End Time","Duration (h)","Duration (decimal)"
"Team1","UOCNT","presentations","","Louis Davies","lda62@uclive.ac.nz","#class","No","2019-09-25","15:00","2019-09-25","17:00","2:00","2.0"
"Team1","UOCNT","Added mouse effects to interactive components to increase usability","","Louis Davies","lda62@uclive.ac.nz","#implement","No","2019-10-01","13:03","2019-10-01","13:38","0:35","0.5833333333333334"
"Team1","UOCNT","lecture","","Louis Davies","lda62@uclive.ac.nz","#class","No","2019-10-02","10:00","2019-10-02","11:00","1:00","1.0"
"Team1","UOCNT","looking into css stylesheets for java fx and starting implementing","","Louis Davies","lda62@uclive.ac.nz","#implement","No","2019-10-02","14:00","2019-10-02","14:40","0:40","0.6666666666666666"
"Team1","UOCNT","Class","","Louis Davies","lda62@uclive.ac.nz","#class","No","2019-10-02","15:00","2019-10-02","15:30","0:30","0.5"
"Team1","UOCNT","Added a basic style sheet and refactored GUI for fullscreen","","Louis Davies","lda62@uclive.ac.nz","#implement, #refactor","No","2019-10-02","15:30","2019-10-02","17:12","1:42","1.7"
"Team1","UOCNT","Fixed bugs with display on some different sized screens and jumpy elements when switching displays","","Louis Davies","lda62@uclive.ac.nz","#fix, #refactor","No","2019-10-02","17:20","2019-10-02","17:46","0:26","0.43333333333333335"
"Team1","UOCNT","Lab","","Louis Davies","lda62@uclive.ac.nz","#class","No","2019-10-04","11:00","2019-10-04","13:00","2:00","2.0"
"Team1","UOCNT","Manually testing GUI with smaller display and different OS made small changes for better compatibility.","","Louis Davies","lda62@uclive.ac.nz","#testmanual, #refactor","No","2019-10-06","13:16","2019-10-06","14:33","1:17","1.2833333333333334"
"Team1","UOCNT","created analysis window fxml","","Louis Davies","lda62@uclive.ac.nz","#implement","No","2019-10-08","12:20","2019-10-08","12:55","0:35","0.5833333333333334"
"Team1","UOCNT","Working on displaying a graph in analysis window","","Louis Davies","lda62@uclive.ac.nz","#implement","No","2019-10-08","12:58","2019-10-08","14:54","1:56","1.9333333333333333"
"Team1","UOCNT","Finished functionality to plot a graph in analysis window currently only with sample data","","Louis Davies","lda62@uclive.ac.nz","#implement","No","2019-10-09","15:00","2019-10-09","15:30","0:30","0.5"
"Team1","UOCNT","Implemented ability to plot number of orders against date currently dates are not ordered. This was hard.","","Louis Davies","lda62@uclive.ac.nz","#implement","No","2019-10-09","15:30","2019-10-09","18:01","2:31","2.5166666666666666"
"Team1","UOCNT","Implemented sorting methods in analysis controller and refactored grid plotting to order dates","","Louis Davies","lda62@uclive.ac.nz","#implement","No","2019-10-10","16:30","2019-10-10","18:34","2:04","2.066666666666667"
"Team1","UOCNT","Added time vs orders functionality to analysis controller so that users can now plot a line graph showing how many orders are completed during each hour of the day showing their busy times.","","Louis Davies","lda62@uclive.ac.nz","#implement","No","2019-10-13","11:57","2019-10-13","15:24","3:27","3.45"
"Team1","UOCNT","Implemented graphing of number of orders based on the day of the week they were completed so users can see what days are their busiest.","","Louis Davies","lda62@uclive.ac.nz","#implement","No","2019-10-13","15:38","2019-10-13","17:53","2:15","2.25"
"Team1","UOCNT","Updating uml class diagram to show analysis controller","","Louis Davies","lda62@uclive.ac.nz","#designdoc","No","2019-10-13","21:43","2019-10-13","22:02","0:19","0.31666666666666665"
"Team1","UOCNT","Manual testing and some changes to design doc","","Louis Davies","lda62@uclive.ac.nz","#testmanual, #designdoc","No","2019-10-13","22:15","2019-10-13","23:54","1:39","1.65"
"Team1","UOCNT","Small bug fix and changes to design doc reflecting how the new parts of the system were actually implemented","","Louis Davies","lda62@uclive.ac.nz","#refactor, #designdoc","No","2019-10-14","9:30","2019-10-14","10:17","0:47","0.7833333333333333"
"Team1","UOCNT","Work on design doc: change log, things i learnt, changes to system after deliverable 2, proof reading etc.","","Louis Davies","lda62@uclive.ac.nz","#designdoc","No","2019-10-14","10:43","2019-10-14","13:53","3:10","3.1666666666666665"
